insert into Distrito(ID_Distrito,Nome_distrito)
values (1,'Açores')

insert into Concelho(ID_Concelho, Nome_concelho)
values (1,'Angra do Heroísmo')

insert into Situa_se(ID_Distrito,ID_Concelho)
values (1,1)

insert into Concelho(ID_Concelho, Nome_concelho)
values (2,'Calheta(Açores)')

insert into Situa_se(ID_Distrito,ID_Concelho)
values (1,2)

insert into Concelho(ID_Concelho, Nome_concelho)
values (3,'Corvo')

insert into Situa_se(ID_Distrito,ID_Concelho)
values (1,3)

insert into Concelho(ID_Concelho, Nome_concelho)
values (4,'Horta')

insert into Situa_se(ID_Distrito,ID_Concelho)
values (1,4)

insert into Concelho(ID_Concelho, Nome_concelho)
values (5,'Lagoa')

insert into Situa_se(ID_Distrito,ID_Concelho)
values (1,5)

insert into Concelho(ID_Concelho, Nome_concelho)
values (6,'Lajes das Flores')

insert into Situa_se(ID_Distrito,ID_Concelho)
values (1,6)

insert into Concelho(ID_Concelho, Nome_concelho)
values (7,'Lajes do Pico')

insert into Situa_se(ID_Distrito,ID_Concelho)
values (1,7)

insert into Concelho(ID_Concelho, Nome_concelho)
values (8,'Madalena')

insert into Situa_se(ID_Distrito,ID_Concelho)
values (1,8)

insert into Concelho(ID_Concelho, Nome_concelho)
values (9,'Nordeste')

insert into Situa_se(ID_Distrito,ID_Concelho)
values (1,9)

insert into Concelho(ID_Concelho, Nome_concelho)
values (10,'Ponta Delgada')

insert into Situa_se(ID_Distrito,ID_Concelho)
values (1,10)

insert into Concelho(ID_Concelho, Nome_concelho)
values (11,'Povoação')

insert into Situa_se(ID_Distrito,ID_Concelho)
values (1,11)

insert into Concelho(ID_Concelho, Nome_concelho)
values (12,'Praia da Vitória')

insert into Situa_se(ID_Distrito,ID_Concelho)
values (1,12)

insert into Concelho(ID_Concelho, Nome_concelho)
values (13,'Ribeira Grande')

insert into Situa_se(ID_Distrito,ID_Concelho)
values (1,13)

insert into Concelho(ID_Concelho, Nome_concelho)
values (14,'Santa Cruz da Graciosa')

insert into Situa_se(ID_Distrito,ID_Concelho)
values (1,14)

insert into Concelho(ID_Concelho, Nome_concelho)
values (15,'Santa Cruz das Flores')

insert into Situa_se(ID_Distrito,ID_Concelho)
values (1,15)

insert into Concelho(ID_Concelho, Nome_concelho)
values (16,'São Roque do Pico')

insert into Situa_se(ID_Distrito,ID_Concelho)
values (1,16)

insert into Concelho(ID_Concelho, Nome_concelho)
values (17,'Velas')

insert into Situa_se(ID_Distrito,ID_Concelho)
values (1,17)

insert into Concelho(ID_Concelho, Nome_concelho)
values (18,'Vila do Porto')

insert into Situa_se(ID_Distrito,ID_Concelho)
values (1,18)

insert into Concelho(ID_Concelho, Nome_concelho)
values (19,'Vila Franca do Campo')

insert into Situa_se(ID_Distrito,ID_Concelho)
values (1,19)




insert into Distrito(ID_Distrito,Nome_distrito)
values (2,'Aveiro')

insert into Concelho(ID_Concelho, Nome_concelho)
values (20,'Águeda')

insert into Situa_se(ID_Distrito,ID_Concelho)
values (2,20)

insert into Concelho(ID_Concelho, Nome_concelho)
values (21,'Albergaria-a-Velha')

insert into Situa_se(ID_Distrito,ID_Concelho)
values (2,21)

insert into Concelho(ID_Concelho, Nome_concelho)
values (22,'Anadia')

insert into Situa_se(ID_Distrito,ID_Concelho)
values (2,22)

insert into Concelho(ID_Concelho, Nome_concelho)
values (23,'Arouca')

insert into Situa_se(ID_Distrito,ID_Concelho)
values (2,23)

insert into Concelho(ID_Concelho, Nome_concelho)
values (24,'Aveiro')

insert into Situa_se(ID_Distrito,ID_Concelho)
values (2,24)

insert into Concelho(ID_Concelho, Nome_concelho)
values (25,'Castelo de Paiva')

insert into Situa_se(ID_Distrito,ID_Concelho)
values (2,25)

insert into Concelho(ID_Concelho, Nome_concelho)
values (26,'Espinho')

insert into Situa_se(ID_Distrito,ID_Concelho)
values (2,26)

insert into Concelho(ID_Concelho, Nome_concelho)
values (27,'Estarreja')

insert into Situa_se(ID_Distrito,ID_Concelho)
values (2,27)

insert into Concelho(ID_Concelho, Nome_concelho)
values (28,'Ílhavo')

insert into Situa_se(ID_Distrito,ID_Concelho)
values (2,28)

insert into Concelho(ID_Concelho, Nome_concelho)
values (29,'Mealhada')

insert into Situa_se(ID_Distrito,ID_Concelho)
values (2,29)

insert into Concelho(ID_Concelho, Nome_concelho)
values (30,'Murtosa')

insert into Situa_se(ID_Distrito,ID_Concelho)
values (2,30)

insert into Concelho(ID_Concelho, Nome_concelho)
values (31,'Oliveira de Azeméis')

insert into Situa_se(ID_Distrito,ID_Concelho)
values (2,31)

insert into Concelho(ID_Concelho, Nome_concelho)
values (32,'Oliveira do Bairro')

insert into Situa_se(ID_Distrito,ID_Concelho)
values (2,32)

insert into Concelho(ID_Concelho, Nome_concelho)
values (33,'Ovar')

insert into Situa_se(ID_Distrito,ID_Concelho)
values (2,33)

insert into Concelho(ID_Concelho, Nome_concelho)
values (34,'Santa Maria da Feira')

insert into Situa_se(ID_Distrito,ID_Concelho)
values (2,34)

insert into Concelho(ID_Concelho, Nome_concelho)
values (35,'São João da Madeira')

insert into Situa_se(ID_Distrito,ID_Concelho)
values (2,35)

insert into Concelho(ID_Concelho, Nome_concelho)
values (36,'Sever do Vouga')

insert into Situa_se(ID_Distrito,ID_Concelho)
values (2,36)

insert into Concelho(ID_Concelho, Nome_concelho)
values (37,'Vagos')

insert into Situa_se(ID_Distrito,ID_Concelho)
values (2,37)

insert into Concelho(ID_Concelho, Nome_concelho)
values (38,'Vale de Cambra')

insert into Situa_se(ID_Distrito,ID_Concelho)
values (2,38)




insert into Distrito(ID_Distrito,Nome_distrito)
values (3,'Beja')

insert into Concelho(ID_Concelho, Nome_concelho)
values (39,'Aljustrel')

insert into Situa_se(ID_Distrito,ID_Concelho)
values (3,39)

insert into Concelho(ID_Concelho, Nome_concelho)
values (40,'Almodôvar')

insert into Situa_se(ID_Distrito,ID_Concelho)
values (3,40)

insert into Concelho(ID_Concelho, Nome_concelho)
values (41,'Alvito')

insert into Situa_se(ID_Distrito,ID_Concelho)
values (3,41)

insert into Concelho(ID_Concelho, Nome_concelho)
values (42,'Barrancos')

insert into Situa_se(ID_Distrito,ID_Concelho)
values (3,42)

insert into Concelho(ID_Concelho, Nome_concelho)
values (43,'Beja')

insert into Situa_se(ID_Distrito,ID_Concelho)
values (3,43)

insert into Concelho(ID_Concelho, Nome_concelho)
values (44,'Castro Verde')

insert into Situa_se(ID_Distrito,ID_Concelho)
values (3,44)

insert into Concelho(ID_Concelho, Nome_concelho)
values (45,'Cuba')

insert into Situa_se(ID_Distrito,ID_Concelho)
values (3,45)

insert into Concelho(ID_Concelho, Nome_concelho)
values (46,'Ferreira do Alentejo')

insert into Situa_se(ID_Distrito,ID_Concelho)
values (3,46)

insert into Concelho(ID_Concelho, Nome_concelho)
values (47,'Mértola')

insert into Situa_se(ID_Distrito,ID_Concelho)
values (3,47)

insert into Concelho(ID_Concelho, Nome_concelho)
values (48,'Moura')

insert into Situa_se(ID_Distrito,ID_Concelho)
values (3,48)

insert into Concelho(ID_Concelho, Nome_concelho)
values (49,'Odemira')

insert into Situa_se(ID_Distrito,ID_Concelho)
values (3,49)

insert into Concelho(ID_Concelho, Nome_concelho)
values (50,'Ourique')

insert into Situa_se(ID_Distrito,ID_Concelho)
values (3,50)

insert into Concelho(ID_Concelho, Nome_concelho)
values (51,'Serpa')

insert into Situa_se(ID_Distrito,ID_Concelho)
values (3,51)

insert into Concelho(ID_Concelho, Nome_concelho)
values (52,'Vidigueira')

insert into Situa_se(ID_Distrito,ID_Concelho)
values (3,52)





insert into Distrito(ID_Distrito,Nome_distrito)
values (4,'Braga')

insert into Concelho(ID_Concelho, Nome_concelho)
values (53,'Amares')

insert into Situa_se(ID_Distrito,ID_Concelho)
values (4,53)

insert into Concelho(ID_Concelho, Nome_concelho)
values (54,'Barcelos')

insert into Situa_se(ID_Distrito,ID_Concelho)
values (4,54)

insert into Concelho(ID_Concelho, Nome_concelho)
values (55,'Braga')

insert into Situa_se(ID_Distrito,ID_Concelho)
values (4,55)

insert into Concelho(ID_Concelho, Nome_concelho)
values (56,'Cabeceiras de Basto')

insert into Situa_se(ID_Distrito,ID_Concelho)
values (4,56)

insert into Concelho(ID_Concelho, Nome_concelho)
values (57,'Celorico de Basto')

insert into Situa_se(ID_Distrito,ID_Concelho)
values (4,57)

insert into Concelho(ID_Concelho, Nome_concelho)
values (58,'Esposende')

insert into Situa_se(ID_Distrito,ID_Concelho)
values (4,58)

insert into Concelho(ID_Concelho, Nome_concelho)
values (59,'Fafe')

insert into Situa_se(ID_Distrito,ID_Concelho)
values (4,59)

insert into Concelho(ID_Concelho, Nome_concelho)
values (60,'Guimarães')

insert into Situa_se(ID_Distrito,ID_Concelho)
values (4,60)

insert into Concelho(ID_Concelho, Nome_concelho)
values (61,'Póvoa de Lanhoso')

insert into Situa_se(ID_Distrito,ID_Concelho)
values (4,61)

insert into Concelho(ID_Concelho, Nome_concelho)
values (62,'Terras de Bouro')

insert into Situa_se(ID_Distrito,ID_Concelho)
values (4,62)

insert into Concelho(ID_Concelho, Nome_concelho)
values (63,'Vieira do Minho')

insert into Situa_se(ID_Distrito,ID_Concelho)
values (4,63)

insert into Concelho(ID_Concelho, Nome_concelho)
values (64,'Vila Nova de Famalicão')

insert into Situa_se(ID_Distrito,ID_Concelho)
values (4,64)

insert into Concelho(ID_Concelho, Nome_concelho)
values (65,'Vila Verde')

insert into Situa_se(ID_Distrito,ID_Concelho)
values (4,65)

insert into Concelho(ID_Concelho, Nome_concelho)
values (66,'Vizela')

insert into Situa_se(ID_Distrito,ID_Concelho)
values (4,66)






insert into Distrito(ID_Distrito,Nome_distrito)
values (5,'Brgança')

insert into Concelho(ID_Concelho, Nome_concelho)
values (67,'Alfândega da Fé')

insert into Situa_se(ID_Distrito,ID_Concelho)
values (5,67)

insert into Concelho(ID_Concelho, Nome_concelho)
values (68,'Bragança')

insert into Situa_se(ID_Distrito,ID_Concelho)
values (5,68)

insert into Concelho(ID_Concelho, Nome_concelho)
values (69,'Carrazeda de Ansiães')

insert into Situa_se(ID_Distrito,ID_Concelho)
values (5,69)

insert into Concelho(ID_Concelho, Nome_concelho)
values (70,'Freixo de Espada à Cinta')

insert into Situa_se(ID_Distrito,ID_Concelho)
values (5,70)

insert into Concelho(ID_Concelho, Nome_concelho)
values (71,'Macedo de Cavaleiros')

insert into Situa_se(ID_Distrito,ID_Concelho)
values (5,71)

insert into Concelho(ID_Concelho, Nome_concelho)
values (72,'Miranda do Douro')

insert into Situa_se(ID_Distrito,ID_Concelho)
values (5,72)

insert into Concelho(ID_Concelho, Nome_concelho)
values (73,'Mirandela')

insert into Situa_se(ID_Distrito,ID_Concelho)
values (5,73)

insert into Concelho(ID_Concelho, Nome_concelho)
values (74,'Mogadouro')

insert into Situa_se(ID_Distrito,ID_Concelho)
values (5,74)

insert into Concelho(ID_Concelho, Nome_concelho)
values (75,'Torre de Moncorvo')

insert into Situa_se(ID_Distrito,ID_Concelho)
values (5,75)

insert into Concelho(ID_Concelho, Nome_concelho)
values (76,'Vila Flor')

insert into Situa_se(ID_Distrito,ID_Concelho)
values (5,76)

insert into Concelho(ID_Concelho, Nome_concelho)
values (77,'Vimioso')

insert into Situa_se(ID_Distrito,ID_Concelho)
values (5,77)

insert into Concelho(ID_Concelho, Nome_concelho)
values (78,'Vinhais')

insert into Situa_se(ID_Distrito,ID_Concelho)
values (5,78)





insert into Distrito(ID_Distrito,Nome_distrito)
values (6,'Castelo Branco')

insert into Concelho(ID_Concelho, Nome_concelho)
values (79,'Belmonte')

insert into Situa_se(ID_Distrito,ID_Concelho)
values (6,79)

insert into Concelho(ID_Concelho, Nome_concelho)
values (80,'Castelo Branco')

insert into Situa_se(ID_Distrito,ID_Concelho)
values (6,80)

insert into Concelho(ID_Concelho, Nome_concelho)
values (81,'Covilhã')

insert into Situa_se(ID_Distrito,ID_Concelho)
values (6,81)

insert into Concelho(ID_Concelho, Nome_concelho)
values (82,'Fundão')

insert into Situa_se(ID_Distrito,ID_Concelho)
values (6,82)

insert into Concelho(ID_Concelho, Nome_concelho)
values (83,'Idanha-a-Nova')

insert into Situa_se(ID_Distrito,ID_Concelho)
values (6,83)

insert into Concelho(ID_Concelho, Nome_concelho)
values (84,'Oleiros')

insert into Situa_se(ID_Distrito,ID_Concelho)
values (6,84)

insert into Concelho(ID_Concelho, Nome_concelho)
values (85,'Penamacor')

insert into Situa_se(ID_Distrito,ID_Concelho)
values (6,85)

insert into Concelho(ID_Concelho, Nome_concelho)
values (86,'Proença-a-Nova')

insert into Situa_se(ID_Distrito,ID_Concelho)
values (6,86)

insert into Concelho(ID_Concelho, Nome_concelho)
values (87,'Sertã')

insert into Situa_se(ID_Distrito,ID_Concelho)
values (6,87)

insert into Concelho(ID_Concelho, Nome_concelho)
values (88,'Vila de Rei')

insert into Situa_se(ID_Distrito,ID_Concelho)
values (6,88)

insert into Concelho(ID_Concelho, Nome_concelho)
values (89,'Vila Velha de Ródão')

insert into Situa_se(ID_Distrito,ID_Concelho)
values (6,89)







insert into Distrito(ID_Distrito,Nome_distrito)
values (7,'Coimbra')

insert into Concelho(ID_Concelho, Nome_concelho)
values (90,'Arganil')

insert into Situa_se(ID_Distrito,ID_Concelho)
values (7,90)

insert into Concelho(ID_Concelho, Nome_concelho)
values (91,'Cantanhede')

insert into Situa_se(ID_Distrito,ID_Concelho)
values (7,91)

insert into Concelho(ID_Concelho, Nome_concelho)
values (92,'Coimbra')

insert into Situa_se(ID_Distrito,ID_Concelho)
values (7,92)

insert into Concelho(ID_Concelho, Nome_concelho)
values (93,'Condeixa-a-Nova')

insert into Situa_se(ID_Distrito,ID_Concelho)
values (7,93)

insert into Concelho(ID_Concelho, Nome_concelho)
values (94,'Figueira da Foz')

insert into Situa_se(ID_Distrito,ID_Concelho)
values (7,94)

insert into Concelho(ID_Concelho, Nome_concelho)
values (95,'Góis')

insert into Situa_se(ID_Distrito,ID_Concelho)
values (7,95)

insert into Concelho(ID_Concelho, Nome_concelho)
values (96,'Lousã')

insert into Situa_se(ID_Distrito,ID_Concelho)
values (7,96)

insert into Concelho(ID_Concelho, Nome_concelho)
values (97,'Mira')

insert into Situa_se(ID_Distrito,ID_Concelho)
values (7,97)

insert into Concelho(ID_Concelho, Nome_concelho)
values (98,'Miranda do Corvo')

insert into Situa_se(ID_Distrito,ID_Concelho)
values (7,98)

insert into Concelho(ID_Concelho, Nome_concelho)
values (99,'Montemor-o-Velho')

insert into Situa_se(ID_Distrito,ID_Concelho)
values (7,99)

insert into Concelho(ID_Concelho, Nome_concelho)
values (100,'Oliveira do Hospital')

insert into Situa_se(ID_Distrito,ID_Concelho)
values (7,100)

insert into Concelho(ID_Concelho, Nome_concelho)
values (101,'Pampilhosa da Serra')

insert into Situa_se(ID_Distrito,ID_Concelho)
values (7,101)

insert into Concelho(ID_Concelho, Nome_concelho)
values (102,'Penacova')

insert into Situa_se(ID_Distrito,ID_Concelho)
values (7,102)

insert into Concelho(ID_Concelho, Nome_concelho)
values (103,'Penela')

insert into Situa_se(ID_Distrito,ID_Concelho)
values (7,103)

insert into Concelho(ID_Concelho, Nome_concelho)
values (104,'Soure')

insert into Situa_se(ID_Distrito,ID_Concelho)
values (7,104)

insert into Concelho(ID_Concelho, Nome_concelho)
values (105,'Tábua')

insert into Situa_se(ID_Distrito,ID_Concelho)
values (7,105)

insert into Concelho(ID_Concelho, Nome_concelho)
values (106,'Vila Nova de Poiares')

insert into Situa_se(ID_Distrito,ID_Concelho)
values (7,106)




insert into Distrito(ID_Distrito,Nome_distrito)
values (8,'Évora')

insert into Concelho(ID_Concelho, Nome_concelho)
values (107,'Alandroal')

insert into Situa_se(ID_Distrito,ID_Concelho)
values (8,107)

insert into Concelho(ID_Concelho, Nome_concelho)
values (108,'Arraiolos')

insert into Situa_se(ID_Distrito,ID_Concelho)
values (8,108)

insert into Concelho(ID_Concelho, Nome_concelho)
values (109,'Borba')

insert into Situa_se(ID_Distrito,ID_Concelho)
values (8,109)

insert into Concelho(ID_Concelho, Nome_concelho)
values (110,'Estremoz')

insert into Situa_se(ID_Distrito,ID_Concelho)
values (8,110)

insert into Concelho(ID_Concelho, Nome_concelho)
values (111,'Évora')

insert into Situa_se(ID_Distrito,ID_Concelho)
values (8,111)

insert into Concelho(ID_Concelho, Nome_concelho)
values (112,'Montemor-o-Novo')

insert into Situa_se(ID_Distrito,ID_Concelho)
values (8,112)

insert into Concelho(ID_Concelho, Nome_concelho)
values (113,'Mora')

insert into Situa_se(ID_Distrito,ID_Concelho)
values (8,113)

insert into Concelho(ID_Concelho, Nome_concelho)
values (114,'Mourão')

insert into Situa_se(ID_Distrito,ID_Concelho)
values (8,114)

insert into Concelho(ID_Concelho, Nome_concelho)
values (115,'Olivença')

insert into Situa_se(ID_Distrito,ID_Concelho)
values (8,115)

insert into Concelho(ID_Concelho, Nome_concelho)
values (116,'Portel')

insert into Situa_se(ID_Distrito,ID_Concelho)
values (8,116)

insert into Concelho(ID_Concelho, Nome_concelho)
values (117,'Redondo')

insert into Situa_se(ID_Distrito,ID_Concelho)
values (8,117)

insert into Concelho(ID_Concelho, Nome_concelho)
values (118,'Reguengos de Monsaraz')

insert into Situa_se(ID_Distrito,ID_Concelho)
values (8,118)

insert into Concelho(ID_Concelho, Nome_concelho)
values (119,'Vendas Novas')

insert into Situa_se(ID_Distrito,ID_Concelho)
values (8,119)

insert into Concelho(ID_Concelho, Nome_concelho)
values (120,'Viana do Alentejo')

insert into Situa_se(ID_Distrito,ID_Concelho)
values (8,120)

insert into Concelho(ID_Concelho, Nome_concelho)
values (121,'Vila Viçosa')

insert into Situa_se(ID_Distrito,ID_Concelho)
values (8,121)





insert into Distrito(ID_Distrito,Nome_distrito)
values (9,'Faro')

insert into Concelho(ID_Concelho, Nome_concelho)
values (122,'Albufeira')

insert into Situa_se(ID_Distrito,ID_Concelho)
values (9,122)

insert into Concelho(ID_Concelho, Nome_concelho)
values (123,'Alcoutim')

insert into Situa_se(ID_Distrito,ID_Concelho)
values (9,123)

insert into Concelho(ID_Concelho, Nome_concelho)
values (124,'Aljezur')

insert into Situa_se(ID_Distrito,ID_Concelho)
values (9,124)

insert into Concelho(ID_Concelho, Nome_concelho)
values (125,'Castro Marim')

insert into Situa_se(ID_Distrito,ID_Concelho)
values (9,125)

insert into Concelho(ID_Concelho, Nome_concelho)
values (126,'Faro')

insert into Situa_se(ID_Distrito,ID_Concelho)
values (9,126)

insert into Concelho(ID_Concelho, Nome_concelho)
values (127,'Lagoa')

insert into Situa_se(ID_Distrito,ID_Concelho)
values (9,127)

insert into Concelho(ID_Concelho, Nome_concelho)
values (128,'Lagos')

insert into Situa_se(ID_Distrito,ID_Concelho)
values (9,128)

insert into Concelho(ID_Concelho, Nome_concelho)
values (129,'Loulé')

insert into Situa_se(ID_Distrito,ID_Concelho)
values (9,129)

insert into Concelho(ID_Concelho, Nome_concelho)
values (130,'Monchique')

insert into Situa_se(ID_Distrito,ID_Concelho)
values (9,130)

insert into Concelho(ID_Concelho, Nome_concelho)
values (131,'Olhão')

insert into Situa_se(ID_Distrito,ID_Concelho)
values (9,131)

insert into Concelho(ID_Concelho, Nome_concelho)
values (132,'Portimão')

insert into Situa_se(ID_Distrito,ID_Concelho)
values (9,132)

insert into Concelho(ID_Concelho, Nome_concelho)
values (133,'São Brás de Alportel')

insert into Situa_se(ID_Distrito,ID_Concelho)
values (9,133)

insert into Concelho(ID_Concelho, Nome_concelho)
values (134,'Silves')

insert into Situa_se(ID_Distrito,ID_Concelho)
values (9,134)

insert into Concelho(ID_Concelho, Nome_concelho)
values (135,'Tavira')

insert into Situa_se(ID_Distrito,ID_Concelho)
values (9,135)

insert into Concelho(ID_Concelho, Nome_concelho)
values (136,'Vila do Bispo')

insert into Situa_se(ID_Distrito,ID_Concelho)
values (9,136)

insert into Concelho(ID_Concelho, Nome_concelho)
values (137,'Vila Real de Santo António')

insert into Situa_se(ID_Distrito,ID_Concelho)
values (9,137)





insert into Distrito(ID_Distrito,Nome_distrito)
values (10,'Guarda')

insert into Concelho(ID_Concelho, Nome_concelho)
values (138,'Aguiar da Beira')

insert into Situa_se(ID_Distrito,ID_Concelho)
values (10,138)

insert into Concelho(ID_Concelho, Nome_concelho)
values (139,'Almeida')

insert into Situa_se(ID_Distrito,ID_Concelho)
values (10,139)

insert into Concelho(ID_Concelho, Nome_concelho)
values (140,'Celorico da Beira')

insert into Situa_se(ID_Distrito,ID_Concelho)
values (10,140)

insert into Concelho(ID_Concelho, Nome_concelho)
values (141,'Figueira de Castelo Rodrigo')

insert into Situa_se(ID_Distrito,ID_Concelho)
values (10,141)

insert into Concelho(ID_Concelho, Nome_concelho)
values (142,'Fornos de Algodres')

insert into Situa_se(ID_Distrito,ID_Concelho)
values (10,142)

insert into Concelho(ID_Concelho, Nome_concelho)
values (143,'Gouveia')

insert into Situa_se(ID_Distrito,ID_Concelho)
values (10,143)

insert into Concelho(ID_Concelho, Nome_concelho)
values (144,'Guarda')

insert into Situa_se(ID_Distrito,ID_Concelho)
values (10,144)

insert into Concelho(ID_Concelho, Nome_concelho)
values (145,'Manteigas')

insert into Situa_se(ID_Distrito,ID_Concelho)
values (10,145)

insert into Concelho(ID_Concelho, Nome_concelho)
values (146,'Mêda')

insert into Situa_se(ID_Distrito,ID_Concelho)
values (10,146)

insert into Concelho(ID_Concelho, Nome_concelho)
values (147,'Pinhel')

insert into Situa_se(ID_Distrito,ID_Concelho)
values (10,147)

insert into Concelho(ID_Concelho, Nome_concelho)
values (148,'Sabugal')

insert into Situa_se(ID_Distrito,ID_Concelho)
values (10,148)

insert into Concelho(ID_Concelho, Nome_concelho)
values (149,'Seia')

insert into Situa_se(ID_Distrito,ID_Concelho)
values (10,149)

insert into Concelho(ID_Concelho, Nome_concelho)
values (150,'Trancoso')

insert into Situa_se(ID_Distrito,ID_Concelho)
values (10,150)

insert into Concelho(ID_Concelho, Nome_concelho)
values (151,'Vila Nova de Foz Côa')

insert into Situa_se(ID_Distrito,ID_Concelho)
values (10,151)






insert into Distrito(ID_Distrito,Nome_distrito)
values (11,'Leiria')

insert into Concelho(ID_Concelho, Nome_concelho)
values (152,'Alcobaça')

insert into Situa_se(ID_Distrito,ID_Concelho)
values (11,152)

insert into Concelho(ID_Concelho, Nome_concelho)
values (153,'Alvaiázere')

insert into Situa_se(ID_Distrito,ID_Concelho)
values (11,153)

insert into Concelho(ID_Concelho, Nome_concelho)
values (154,'Ansião')

insert into Situa_se(ID_Distrito,ID_Concelho)
values (11,154)

insert into Concelho(ID_Concelho, Nome_concelho)
values (155,'Batalha')

insert into Situa_se(ID_Distrito,ID_Concelho)
values (11,155)

insert into Concelho(ID_Concelho, Nome_concelho)
values (156,'Bombarral')

insert into Situa_se(ID_Distrito,ID_Concelho)
values (11,156)

insert into Concelho(ID_Concelho, Nome_concelho)
values (157,'Caldas da Rainha')

insert into Situa_se(ID_Distrito,ID_Concelho)
values (11,157)

insert into Concelho(ID_Concelho, Nome_concelho)
values (158,'Castanheira de Pera')

insert into Situa_se(ID_Distrito,ID_Concelho)
values (11,158)

insert into Concelho(ID_Concelho, Nome_concelho)
values (159,'Figueiró dos Vinhos')

insert into Situa_se(ID_Distrito,ID_Concelho)
values (11,159)

insert into Concelho(ID_Concelho, Nome_concelho)
values (160,'Leiria')

insert into Situa_se(ID_Distrito,ID_Concelho)
values (11,160)

insert into Concelho(ID_Concelho, Nome_concelho)
values (161,'Marinha Grande')

insert into Situa_se(ID_Distrito,ID_Concelho)
values (11,161)

insert into Concelho(ID_Concelho, Nome_concelho)
values (162,'Nazaré')

insert into Situa_se(ID_Distrito,ID_Concelho)
values (11,162)

insert into Concelho(ID_Concelho, Nome_concelho)
values (163,'Óbidos')

insert into Situa_se(ID_Distrito,ID_Concelho)
values (11,163)

insert into Concelho(ID_Concelho, Nome_concelho)
values (164,'Pedrógão Grande')

insert into Situa_se(ID_Distrito,ID_Concelho)
values (11,164)

insert into Concelho(ID_Concelho, Nome_concelho)
values (165,'Peniche')

insert into Situa_se(ID_Distrito,ID_Concelho)
values (11,165)

insert into Concelho(ID_Concelho, Nome_concelho)
values (166,'Pombal')

insert into Situa_se(ID_Distrito,ID_Concelho)
values (11,166)

insert into Concelho(ID_Concelho, Nome_concelho)
values (167,'Porto de Mós')

insert into Situa_se(ID_Distrito,ID_Concelho)
values (11,167)






insert into Distrito(ID_Distrito,Nome_distrito)
values (12,'Lisboa')

insert into Concelho(ID_Concelho, Nome_concelho)
values (168,'Alenquer')

insert into Situa_se(ID_Distrito,ID_Concelho)
values (12,168)

insert into Concelho(ID_Concelho, Nome_concelho)
values (169,'Amadora')

insert into Situa_se(ID_Distrito,ID_Concelho)
values (12,169)

insert into Concelho(ID_Concelho, Nome_concelho)
values (170,'Arruda dos Vinhos')

insert into Situa_se(ID_Distrito,ID_Concelho)
values (12,170)

insert into Concelho(ID_Concelho, Nome_concelho)
values (171,'Azambuja')

insert into Situa_se(ID_Distrito,ID_Concelho)
values (12,171)

insert into Concelho(ID_Concelho, Nome_concelho)
values (172,'Cadaval')

insert into Situa_se(ID_Distrito,ID_Concelho)
values (12,172)

insert into Concelho(ID_Concelho, Nome_concelho)
values (173,'Cascais')

insert into Situa_se(ID_Distrito,ID_Concelho)
values (12,173)

insert into Concelho(ID_Concelho, Nome_concelho)
values (174,'Lisboa')

insert into Situa_se(ID_Distrito,ID_Concelho)
values (12,174)

insert into Concelho(ID_Concelho, Nome_concelho)
values (175,'Loures')

insert into Situa_se(ID_Distrito,ID_Concelho)
values (12,175)

insert into Concelho(ID_Concelho, Nome_concelho)
values (176,'Lourinhã')

insert into Situa_se(ID_Distrito,ID_Concelho)
values (12,176)

insert into Concelho(ID_Concelho, Nome_concelho)
values (177,'Mafra')

insert into Situa_se(ID_Distrito,ID_Concelho)
values (12,177)

insert into Concelho(ID_Concelho, Nome_concelho)
values (178,'Odivelas')

insert into Situa_se(ID_Distrito,ID_Concelho)
values (12,178)

insert into Concelho(ID_Concelho, Nome_concelho)
values (179,'Oeiras')

insert into Situa_se(ID_Distrito,ID_Concelho)
values (12,179)

insert into Concelho(ID_Concelho, Nome_concelho)
values (180,'Sintra')

insert into Situa_se(ID_Distrito,ID_Concelho)
values (12,180)

insert into Concelho(ID_Concelho, Nome_concelho)
values (181,'Sobral de Monte Agraço')

insert into Situa_se(ID_Distrito,ID_Concelho)
values (12,181)

insert into Concelho(ID_Concelho, Nome_concelho)
values (182,'Torres Vedras')

insert into Situa_se(ID_Distrito,ID_Concelho)
values (12,182)

insert into Concelho(ID_Concelho, Nome_concelho)
values (183,'Vila Franca de Xira')

insert into Situa_se(ID_Distrito,ID_Concelho)
values (12,183)









insert into Distrito(ID_Distrito,Nome_distrito)
values (13,'Portalegre')

insert into Concelho(ID_Concelho, Nome_concelho)
values (184,'Alter do Chão')

insert into Situa_se(ID_Distrito,ID_Concelho)
values (13,184)

insert into Concelho(ID_Concelho, Nome_concelho)
values (185,'Arronches')

insert into Situa_se(ID_Distrito,ID_Concelho)
values (13,185)

insert into Concelho(ID_Concelho, Nome_concelho)
values (186,'Avis')

insert into Situa_se(ID_Distrito,ID_Concelho)
values (13,186)

insert into Concelho(ID_Concelho, Nome_concelho)
values (187,'Campo Maior')

insert into Situa_se(ID_Distrito,ID_Concelho)
values (13,187)

insert into Concelho(ID_Concelho, Nome_concelho)
values (188,'Castelo de Vide')

insert into Situa_se(ID_Distrito,ID_Concelho)
values (13,188)

insert into Concelho(ID_Concelho, Nome_concelho)
values (189,'Crato')

insert into Situa_se(ID_Distrito,ID_Concelho)
values (13,189)

insert into Concelho(ID_Concelho, Nome_concelho)
values (190,'Elvas')

insert into Situa_se(ID_Distrito,ID_Concelho)
values (13,190)

insert into Concelho(ID_Concelho, Nome_concelho)
values (191,'Fronteira')

insert into Situa_se(ID_Distrito,ID_Concelho)
values (13,191)

insert into Concelho(ID_Concelho, Nome_concelho)
values (192,'Gavião')

insert into Situa_se(ID_Distrito,ID_Concelho)
values (13,192)

insert into Concelho(ID_Concelho, Nome_concelho)
values (193,'Marvão')

insert into Situa_se(ID_Distrito,ID_Concelho)
values (13,193)

insert into Concelho(ID_Concelho, Nome_concelho)
values (194,'Monforte')

insert into Situa_se(ID_Distrito,ID_Concelho)
values (13,194)

insert into Concelho(ID_Concelho, Nome_concelho)
values (195,'Nisa')

insert into Situa_se(ID_Distrito,ID_Concelho)
values (13,195)

insert into Concelho(ID_Concelho, Nome_concelho)
values (196,'Ponte de Sor')

insert into Situa_se(ID_Distrito,ID_Concelho)
values (13,196)

insert into Concelho(ID_Concelho, Nome_concelho)
values (197,'Portalegre')

insert into Situa_se(ID_Distrito,ID_Concelho)
values (13,197)

insert into Concelho(ID_Concelho, Nome_concelho)
values (198,'Sousel')

insert into Situa_se(ID_Distrito,ID_Concelho)
values (13,198)






insert into Distrito(ID_Distrito,Nome_distrito)
values (14,'Porto')

insert into Concelho(ID_Concelho, Nome_concelho)
values (199,'Amarante')

insert into Situa_se(ID_Distrito,ID_Concelho)
values (14,199)

insert into Concelho(ID_Concelho, Nome_concelho)
values (200,'Baião')

insert into Situa_se(ID_Distrito,ID_Concelho)
values (14,200)

insert into Concelho(ID_Concelho, Nome_concelho)
values (201,'Felgueiras')

insert into Situa_se(ID_Distrito,ID_Concelho)
values (14,201)

insert into Concelho(ID_Concelho, Nome_concelho)
values (202,'Gondomar')

insert into Situa_se(ID_Distrito,ID_Concelho)
values (14,202)

insert into Concelho(ID_Concelho, Nome_concelho)
values (203,'Lousada')

insert into Situa_se(ID_Distrito,ID_Concelho)
values (14,203)

insert into Concelho(ID_Concelho, Nome_concelho)
values (204,'Maia')

insert into Situa_se(ID_Distrito,ID_Concelho)
values (14,204)

insert into Concelho(ID_Concelho, Nome_concelho)
values (205,'Marco de Canaveses')

insert into Situa_se(ID_Distrito,ID_Concelho)
values (14,205)

insert into Concelho(ID_Concelho, Nome_concelho)
values (206,'Matosinhos')

insert into Situa_se(ID_Distrito,ID_Concelho)
values (14,206)

insert into Concelho(ID_Concelho, Nome_concelho)
values (207,'Paços de Ferreira')

insert into Situa_se(ID_Distrito,ID_Concelho)
values (14,207)

insert into Concelho(ID_Concelho, Nome_concelho)
values (208,'Paredes')

insert into Situa_se(ID_Distrito,ID_Concelho)
values (14,208)

insert into Concelho(ID_Concelho, Nome_concelho)
values (209,'Penafiel')

insert into Situa_se(ID_Distrito,ID_Concelho)
values (14,209)

insert into Concelho(ID_Concelho, Nome_concelho)
values (210,'Porto')

insert into Situa_se(ID_Distrito,ID_Concelho)
values (14,210)

insert into Concelho(ID_Concelho, Nome_concelho)
values (211,'Póvoa de Varzim')

insert into Situa_se(ID_Distrito,ID_Concelho)
values (14,211)

insert into Concelho(ID_Concelho, Nome_concelho)
values (212,'Santo Tirso')

insert into Situa_se(ID_Distrito,ID_Concelho)
values (14,212)

insert into Concelho(ID_Concelho, Nome_concelho)
values (213,'Trofa')

insert into Situa_se(ID_Distrito,ID_Concelho)
values (14,213)

insert into Concelho(ID_Concelho, Nome_concelho)
values (214,'Valongo')

insert into Situa_se(ID_Distrito,ID_Concelho)
values (14,214)

insert into Concelho(ID_Concelho, Nome_concelho)
values (215,'Vila do Conde')

insert into Situa_se(ID_Distrito,ID_Concelho)
values (14,215)

insert into Concelho(ID_Concelho, Nome_concelho)
values (216,'Vila Nova de Gaia')

insert into Situa_se(ID_Distrito,ID_Concelho)
values (14,216)







insert into Distrito(ID_Distrito,Nome_distrito)
values (15,'Santarém')

insert into Concelho(ID_Concelho, Nome_concelho)
values (217,'Abrantes')

insert into Situa_se(ID_Distrito,ID_Concelho)
values (15,217)

insert into Concelho(ID_Concelho, Nome_concelho)
values (218,'Alcanena')

insert into Situa_se(ID_Distrito,ID_Concelho)
values (15,218)

insert into Concelho(ID_Concelho, Nome_concelho)
values (219,'Almeirim')

insert into Situa_se(ID_Distrito,ID_Concelho)
values (15,219)

insert into Concelho(ID_Concelho, Nome_concelho)
values (220,'Alpiarça')

insert into Situa_se(ID_Distrito,ID_Concelho)
values (15,220)

insert into Concelho(ID_Concelho, Nome_concelho)
values (221,'Benavente')

insert into Situa_se(ID_Distrito,ID_Concelho)
values (15,221)

insert into Concelho(ID_Concelho, Nome_concelho)
values (222,'Cartaxo')

insert into Situa_se(ID_Distrito,ID_Concelho)
values (15,222)

insert into Concelho(ID_Concelho, Nome_concelho)
values (223,'Chamusca')

insert into Situa_se(ID_Distrito,ID_Concelho)
values (15,223)

insert into Concelho(ID_Concelho, Nome_concelho)
values (224,'Constância')

insert into Situa_se(ID_Distrito,ID_Concelho)
values (15,224)

insert into Concelho(ID_Concelho, Nome_concelho)
values (225,'Coruche')

insert into Situa_se(ID_Distrito,ID_Concelho)
values (15,225)

insert into Concelho(ID_Concelho, Nome_concelho)
values (226,'Entroncamento')

insert into Situa_se(ID_Distrito,ID_Concelho)
values (15,226)

insert into Concelho(ID_Concelho, Nome_concelho)
values (227,'Ferreira do Zêzere')

insert into Situa_se(ID_Distrito,ID_Concelho)
values (15,227)

insert into Concelho(ID_Concelho, Nome_concelho)
values (228,'Golegã')

insert into Situa_se(ID_Distrito,ID_Concelho)
values (15,228)

insert into Concelho(ID_Concelho, Nome_concelho)
values (229,'Mação')

insert into Situa_se(ID_Distrito,ID_Concelho)
values (15,229)

insert into Concelho(ID_Concelho, Nome_concelho)
values (230,'Ourém')

insert into Situa_se(ID_Distrito,ID_Concelho)
values (15,230)

insert into Concelho(ID_Concelho, Nome_concelho)
values (231,'Rio Maior')

insert into Situa_se(ID_Distrito,ID_Concelho)
values (15,231)

insert into Concelho(ID_Concelho, Nome_concelho)
values (232,'Salvaterra de Magos')

insert into Situa_se(ID_Distrito,ID_Concelho)
values (15,232)

insert into Concelho(ID_Concelho, Nome_concelho)
values (233,'Santarém')

insert into Situa_se(ID_Distrito,ID_Concelho)
values (15,233)

insert into Concelho(ID_Concelho, Nome_concelho)
values (234,'Sardoal')

insert into Situa_se(ID_Distrito,ID_Concelho)
values (15,234)

insert into Concelho(ID_Concelho, Nome_concelho)
values (235,'Tomar')

insert into Situa_se(ID_Distrito,ID_Concelho)
values (15,235)

insert into Concelho(ID_Concelho, Nome_concelho)
values (236,'Torres Novas')

insert into Situa_se(ID_Distrito,ID_Concelho)
values (15,236)

insert into Concelho(ID_Concelho, Nome_concelho)
values (237,'Vila Nova da Barquinha')

insert into Situa_se(ID_Distrito,ID_Concelho)
values (15,237)







insert into Distrito(ID_Distrito,Nome_distrito)
values (16,'Setúbal')

insert into Concelho(ID_Concelho, Nome_concelho)
values (238,'Alcácer do Sal')

insert into Situa_se(ID_Distrito,ID_Concelho)
values (16,238)

insert into Concelho(ID_Concelho, Nome_concelho)
values (239,'Alcochete')

insert into Situa_se(ID_Distrito,ID_Concelho)
values (16,239)


insert into Concelho(ID_Concelho, Nome_concelho)
values (240,'Almada')

insert into Situa_se(ID_Distrito,ID_Concelho)
values (16,240)


insert into Concelho(ID_Concelho, Nome_concelho)
values (241,'Barreiro')

insert into Situa_se(ID_Distrito,ID_Concelho)
values (16,241)


insert into Concelho(ID_Concelho, Nome_concelho)
values (242,'Grândola')

insert into Situa_se(ID_Distrito,ID_Concelho)
values (16,242)


insert into Concelho(ID_Concelho, Nome_concelho)
values (243,'Moita')

insert into Situa_se(ID_Distrito,ID_Concelho)
values (16,243)


insert into Concelho(ID_Concelho, Nome_concelho)
values (244,'Montijo')

insert into Situa_se(ID_Distrito,ID_Concelho)
values (16,244)


insert into Concelho(ID_Concelho, Nome_concelho)
values (245,'Palmela')

insert into Situa_se(ID_Distrito,ID_Concelho)
values (16,245)


insert into Concelho(ID_Concelho, Nome_concelho)
values (246,'Santiago do Cacém')

insert into Situa_se(ID_Distrito,ID_Concelho)
values (16,246)

insert into Concelho(ID_Concelho, Nome_concelho)
values (247,'Seixal')

insert into Situa_se(ID_Distrito,ID_Concelho)
values (16,247)

insert into Concelho(ID_Concelho, Nome_concelho)
values (248,'Sesimbra')

insert into Situa_se(ID_Distrito,ID_Concelho)
values (16,248)

insert into Concelho(ID_Concelho, Nome_concelho)
values (249,'Setúbal')

insert into Situa_se(ID_Distrito,ID_Concelho)
values (16,249)

insert into Concelho(ID_Concelho, Nome_concelho)
values (250,'Sines')

insert into Situa_se(ID_Distrito,ID_Concelho)
values (16,250)






insert into Distrito(ID_Distrito,Nome_distrito)
values (17,'Viana do Castelo')

insert into Concelho(ID_Concelho, Nome_concelho)
values (251,'Arcos de Valdevez')

insert into Situa_se(ID_Distrito,ID_Concelho)
values (17,251)

insert into Concelho(ID_Concelho, Nome_concelho)
values (252,'Caminha')

insert into Situa_se(ID_Distrito,ID_Concelho)
values (17,252)

insert into Concelho(ID_Concelho, Nome_concelho)
values (253,'Melgaço')

insert into Situa_se(ID_Distrito,ID_Concelho)
values (17,253)

insert into Concelho(ID_Concelho, Nome_concelho)
values (254,'Monção')

insert into Situa_se(ID_Distrito,ID_Concelho)
values (17,254)

insert into Concelho(ID_Concelho, Nome_concelho)
values (255,'Paredes de Coura')

insert into Situa_se(ID_Distrito,ID_Concelho)
values (17,255)

insert into Concelho(ID_Concelho, Nome_concelho)
values (256,'Ponte da Barca')

insert into Situa_se(ID_Distrito,ID_Concelho)
values (17,256)

insert into Concelho(ID_Concelho, Nome_concelho)
values (257,'Ponte de Lima')

insert into Situa_se(ID_Distrito,ID_Concelho)
values (17,257)

insert into Concelho(ID_Concelho, Nome_concelho)
values (258,'Valença')

insert into Situa_se(ID_Distrito,ID_Concelho)
values (17,258)

insert into Concelho(ID_Concelho, Nome_concelho)
values (259,'Viana do Castelo')

insert into Situa_se(ID_Distrito,ID_Concelho)
values (17,259)

insert into Concelho(ID_Concelho, Nome_concelho)
values (260,'Vila Nova de Cerveira')

insert into Situa_se(ID_Distrito,ID_Concelho)
values (17,260)





insert into Distrito(ID_Distrito,Nome_distrito)
values (18,'Vila Real')

insert into Concelho(ID_Concelho, Nome_concelho)
values (261,'Alijó')

insert into Situa_se(ID_Distrito,ID_Concelho)
values (18,261)

insert into Concelho(ID_Concelho, Nome_concelho)
values (262,'Boticas')

insert into Situa_se(ID_Distrito,ID_Concelho)
values (18,262)

insert into Concelho(ID_Concelho, Nome_concelho)
values (263,'Chaves')

insert into Situa_se(ID_Distrito,ID_Concelho)
values (18,263)

insert into Concelho(ID_Concelho, Nome_concelho)
values (264,'Mesão Frio')

insert into Situa_se(ID_Distrito,ID_Concelho)
values (18,264)

insert into Concelho(ID_Concelho, Nome_concelho)
values (265,'Mondim de Basto')

insert into Situa_se(ID_Distrito,ID_Concelho)
values (18,265)

insert into Concelho(ID_Concelho, Nome_concelho)
values (266,'Montalegre')

insert into Situa_se(ID_Distrito,ID_Concelho)
values (18,266)

insert into Concelho(ID_Concelho, Nome_concelho)
values (267,'Murça')

insert into Situa_se(ID_Distrito,ID_Concelho)
values (18,267)

insert into Concelho(ID_Concelho, Nome_concelho)
values (268,'Peso da Régua')

insert into Situa_se(ID_Distrito,ID_Concelho)
values (18,268)

insert into Concelho(ID_Concelho, Nome_concelho)
values (269,'Ribeira de Pena')

insert into Situa_se(ID_Distrito,ID_Concelho)
values (18,269)

insert into Concelho(ID_Concelho, Nome_concelho)
values (270,'Sabrosa')

insert into Situa_se(ID_Distrito,ID_Concelho)
values (18,270)

insert into Concelho(ID_Concelho, Nome_concelho)
values (271,'Santa Marta de Penaguião')

insert into Situa_se(ID_Distrito,ID_Concelho)
values (18,271)

insert into Concelho(ID_Concelho, Nome_concelho)
values (272,'Valpaços')

insert into Situa_se(ID_Distrito,ID_Concelho)
values (18,272)

insert into Concelho(ID_Concelho, Nome_concelho)
values (273,'Vila Pouca de Aguiar')

insert into Situa_se(ID_Distrito,ID_Concelho)
values (18,273)

insert into Concelho(ID_Concelho, Nome_concelho)
values (274,'Vila Real')

insert into Situa_se(ID_Distrito,ID_Concelho)
values (18,274)






insert into Distrito(ID_Distrito,Nome_distrito)
values (19,'Viseu')

insert into Concelho(ID_Concelho, Nome_concelho)
values (275,'Armamar')

insert into Situa_se(ID_Distrito,ID_Concelho)
values (19,275)

insert into Concelho(ID_Concelho, Nome_concelho)
values (276,'Carregal do Sal')

insert into Situa_se(ID_Distrito,ID_Concelho)
values (19,276)

insert into Concelho(ID_Concelho, Nome_concelho)
values (277,'Castro Daire')

insert into Situa_se(ID_Distrito,ID_Concelho)
values (19,277)

insert into Concelho(ID_Concelho, Nome_concelho)
values (278,'Cinfães')

insert into Situa_se(ID_Distrito,ID_Concelho)
values (19,278)

insert into Concelho(ID_Concelho, Nome_concelho)
values (279,'Lamego')

insert into Situa_se(ID_Distrito,ID_Concelho)
values (19,279)

insert into Concelho(ID_Concelho, Nome_concelho)
values (280,'Mangualde')

insert into Situa_se(ID_Distrito,ID_Concelho)
values (19,280)

insert into Concelho(ID_Concelho, Nome_concelho)
values (281,'Moimenta da Beira')

insert into Situa_se(ID_Distrito,ID_Concelho)
values (19,281)

insert into Concelho(ID_Concelho, Nome_concelho)
values (282,'Mortágua')

insert into Situa_se(ID_Distrito,ID_Concelho)
values (19,282)

insert into Concelho(ID_Concelho, Nome_concelho)
values (283,'Nelas')

insert into Situa_se(ID_Distrito,ID_Concelho)
values (19,283)

insert into Concelho(ID_Concelho, Nome_concelho)
values (284,'Oliveira de Frades')

insert into Situa_se(ID_Distrito,ID_Concelho)
values (19,284)

insert into Concelho(ID_Concelho, Nome_concelho)
values (285,'Penalva do Castelo')

insert into Situa_se(ID_Distrito,ID_Concelho)
values (19,285)

insert into Concelho(ID_Concelho, Nome_concelho)
values (286,'Penedono')

insert into Situa_se(ID_Distrito,ID_Concelho)
values (19,286)

insert into Concelho(ID_Concelho, Nome_concelho)
values (287,'Resende')

insert into Situa_se(ID_Distrito,ID_Concelho)
values (19,287)

insert into Concelho(ID_Concelho, Nome_concelho)
values (288,'Santa Comba Dão')

insert into Situa_se(ID_Distrito,ID_Concelho)
values (19,288)

insert into Concelho(ID_Concelho, Nome_concelho)
values (289,'São João da Pesqueira')

insert into Situa_se(ID_Distrito,ID_Concelho)
values (19,289)

insert into Concelho(ID_Concelho, Nome_concelho)
values (290,'São Pedro do Sul')

insert into Situa_se(ID_Distrito,ID_Concelho)
values (19,290)

insert into Concelho(ID_Concelho, Nome_concelho)
values (291,'Sátão')

insert into Situa_se(ID_Distrito,ID_Concelho)
values (19,291)

insert into Concelho(ID_Concelho, Nome_concelho)
values (292,'Sernancelhe')

insert into Situa_se(ID_Distrito,ID_Concelho)
values (19,292)

insert into Concelho(ID_Concelho, Nome_concelho)
values (293,'Tabuaço')

insert into Situa_se(ID_Distrito,ID_Concelho)
values (19,293)

insert into Concelho(ID_Concelho, Nome_concelho)
values (294,'Tarouca')

insert into Situa_se(ID_Distrito,ID_Concelho)
values (19,294)

insert into Concelho(ID_Concelho, Nome_concelho)
values (295,'Tondela')

insert into Situa_se(ID_Distrito,ID_Concelho)
values (19,295)

insert into Concelho(ID_Concelho, Nome_concelho)
values (296,'Vila Nova de Paiva')

insert into Situa_se(ID_Distrito,ID_Concelho)
values (19,296)

insert into Concelho(ID_Concelho, Nome_concelho)
values (297,'Viseu')

insert into Situa_se(ID_Distrito,ID_Concelho)
values (19,297)

insert into Concelho(ID_Concelho, Nome_concelho)
values (298,'Vouzela')

insert into Situa_se(ID_Distrito,ID_Concelho)
values (19,298)




insert into Distrito(ID_Distrito,Nome_distrito)
values (20,'Madeira')

insert into Concelho(ID_Concelho, Nome_concelho)
values (299,'Calheta(Madeira)')

insert into Situa_se(ID_Distrito,ID_Concelho)
values (20,299)

insert into Concelho(ID_Concelho, Nome_concelho)
values (300,'Câmara de Lobos')

insert into Situa_se(ID_Distrito,ID_Concelho)
values (20,300)

insert into Concelho(ID_Concelho, Nome_concelho)
values (301,'Funchal')

insert into Situa_se(ID_Distrito,ID_Concelho)
values (20,301)

insert into Concelho(ID_Concelho, Nome_concelho)
values (302,'Machico')

insert into Situa_se(ID_Distrito,ID_Concelho)
values (20,302)

insert into Concelho(ID_Concelho, Nome_concelho)
values (303,'Ponta do Sol')

insert into Situa_se(ID_Distrito,ID_Concelho)
values (20,303)

insert into Concelho(ID_Concelho, Nome_concelho)
values (304,'Porto Moniz')

insert into Situa_se(ID_Distrito,ID_Concelho)
values (20,304)

insert into Concelho(ID_Concelho, Nome_concelho)
values (305,'Porto Santo')

insert into Situa_se(ID_Distrito,ID_Concelho)
values (20,305)

insert into Concelho(ID_Concelho, Nome_concelho)
values (306,'Ribeira Brava')

insert into Situa_se(ID_Distrito,ID_Concelho)
values (20,306)

insert into Concelho(ID_Concelho, Nome_concelho)
values (307,'Santa Cruz')

insert into Situa_se(ID_Distrito,ID_Concelho)
values (20,307)

insert into Concelho(ID_Concelho, Nome_concelho)
values (308,'Santana')

insert into Situa_se(ID_Distrito,ID_Concelho)
values (20,308)

insert into Concelho(ID_Concelho, Nome_concelho)
values (309,'São Vicente')

insert into Situa_se(ID_Distrito,ID_Concelho)
values (20,309)

